{"cameraMode":{"drawMode":0,"name":"Shaded","section":"Shading Mode"},"sceneLighting":true,"audioPlay":false,"sceneViewState":{"m_AlwaysRefresh":false,"showFog":true,"showSkybox":true,"showFlares":true,"showImageEffects":true,"showParticleSystems":true,"showVisualEffectGraphs":true,"m_FxEnabled":true},"in2DMode":false,"pivot":{"x":208.80621337890626,"y":1.7048444747924805,"z":146.55250549316407},"rotation":{"x":-0.030585676431655885,"y":-0.4768589437007904,"z":0.016604909673333169,"w":-0.8782980442047119},"size":23.665929794311525,"orthographic":false}